time,connectivity
19:44:32,"[1, 0, 1, 0, 1, 1, 1]"
19:44:36,"[1, 1, 0, 0, 0, 0, 1]"
19:44:40,"[1, 1, 0, 1, 0, 1, 1]"
19:44:44,"[1, 0, 1, 1, 0, 1, 1]"
19:44:47,"[1, 1, 1, 0, 1, 0, 1]"
19:44:50,"[1, 0, 1, 0, 0, 1, 1]"
19:44:54,"[1, 1, 1, 1, 1, 1, 1]"
19:44:57,"[1, 1, 1, 1, 0, 1, 1]"
19:45:00,"[1, 0, 1, 0, 0, 0, 1]"
19:45:03,"[1, 0, 1, 0, 1, 0, 1]"
19:45:07,"[1, 0, 0, 0, 1, 0, 1]"
19:45:11,"[1, 0, 0, 1, 1, 1, 1]"
19:45:14,"[1, 0, 0, 1, 0, 0, 1]"
19:45:18,"[1, 0, 0, 1, 1, 0, 1]"
19:45:21,"[1, 0, 1, 1, 1, 1, 1]"
19:45:24,"[1, 0, 0, 0, 0, 0, 1]"
19:45:28,"[1, 0, 1, 0, 0, 0, 1]"
19:45:31,"[1, 0, 0, 1, 0, 1, 1]"
19:45:35,"[1, 0, 1, 1, 0, 0, 1]"
19:45:38,"[1, 1, 0, 1, 0, 1, 1]"
19:45:42,"[1, 0, 0, 1, 0, 0, 1]"
19:45:46,"[1, 0, 0, 0, 0, 1, 1]"
19:45:49,"[1, 1, 0, 1, 0, 1, 1]"
19:45:53,"[1, 0, 0, 1, 0, 1, 1]"
19:45:56,"[1, 0, 1, 1, 0, 1, 1]"
19:46:00,"[1, 1, 0, 1, 0, 0, 1]"
19:46:03,"[1, 0, 1, 0, 1, 0, 1]"
19:46:06,"[1, 0, 0, 1, 0, 1, 1]"
19:46:10,"[1, 0, 1, 0, 0, 1, 1]"
19:46:13,"[1, 1, 0, 1, 0, 0, 1]"
19:46:17,"[1, 0, 0, 1, 1, 0, 1]"
19:46:21,"[1, 1, 1, 0, 1, 0, 1]"
19:46:24,"[1, 1, 0, 1, 1, 0, 1]"
19:46:27,"[1, 1, 1, 1, 1, 1, 1]"
19:46:31,"[1, 1, 0, 1, 1, 0, 1]"
19:46:35,"[1, 1, 1, 0, 0, 1, 1]"
19:46:38,"[1, 1, 0, 1, 1, 1, 1]"
19:46:42,"[1, 0, 1, 1, 0, 1, 1]"
19:46:45,"[1, 0, 1, 0, 0, 1, 1]"
19:46:49,"[1, 1, 1, 1, 1, 0, 1]"
19:46:52,"[1, 1, 1, 0, 0, 0, 1]"
19:46:56,"[1, 1, 1, 1, 0, 0, 1]"
19:46:59,"[1, 0, 1, 0, 1, 1, 1]"
19:47:02,"[1, 1, 0, 0, 0, 0, 1]"
19:47:06,"[1, 0, 1, 1, 1, 0, 1]"
19:47:10,"[1, 1, 1, 0, 1, 1, 1]"
19:47:13,"[1, 1, 1, 0, 1, 1, 1]"
19:47:17,"[1, 1, 0, 0, 0, 1, 1]"
19:47:21,"[1, 0, 1, 0, 0, 0, 1]"
19:47:24,"[1, 0, 0, 1, 0, 1, 1]"
19:47:28,"[1, 0, 0, 0, 1, 1, 1]"
19:47:31,"[1, 0, 0, 1, 1, 1, 1]"
19:47:34,"[1, 0, 1, 0, 0, 0, 1]"
19:47:38,"[1, 1, 1, 0, 0, 1, 1]"
19:47:42,"[1, 0, 0, 0, 0, 0, 1]"
19:47:45,"[1, 1, 1, 1, 1, 0, 1]"
19:47:49,"[1, 1, 1, 0, 1, 0, 1]"
19:47:52,"[1, 0, 1, 1, 1, 0, 1]"
19:47:56,"[1, 1, 0, 0, 1, 1, 1]"
19:47:59,"[1, 0, 1, 1, 1, 1, 1]"
19:48:02,"[1, 0, 0, 1, 0, 1, 1]"
19:48:06,"[1, 1, 0, 0, 0, 1, 1]"
19:48:10,"[1, 1, 0, 0, 0, 0, 1]"
19:48:13,"[1, 0, 0, 0, 0, 1, 1]"
19:48:16,"[1, 1, 0, 0, 0, 1, 1]"
19:48:20,"[1, 1, 1, 0, 0, 1, 1]"
19:48:23,"[1, 0, 0, 0, 1, 1, 1]"
19:48:27,"[1, 0, 1, 0, 1, 0, 1]"
19:48:31,"[1, 0, 0, 0, 1, 0, 1]"
19:48:34,"[1, 0, 0, 1, 0, 1, 1]"
19:48:38,"[1, 1, 1, 0, 1, 0, 1]"
19:48:41,"[1, 0, 1, 1, 0, 0, 1]"
19:48:45,"[1, 1, 0, 0, 0, 1, 1]"
19:48:48,"[1, 1, 0, 0, 1, 0, 1]"
19:48:51,"[1, 0, 1, 1, 1, 1, 1]"
19:48:55,"[1, 1, 0, 0, 1, 0, 1]"
19:48:58,"[1, 1, 1, 0, 1, 1, 1]"
19:49:02,"[1, 1, 0, 0, 0, 1, 1]"
19:49:06,"[1, 0, 1, 1, 0, 0, 1]"
19:49:10,"[1, 0, 1, 0, 1, 0, 1]"
19:49:13,"[1, 1, 0, 1, 0, 0, 1]"
19:49:17,"[1, 0, 1, 1, 0, 1, 1]"
19:49:21,"[1, 1, 0, 0, 1, 1, 1]"
19:49:24,"[1, 1, 1, 0, 0, 1, 1]"
19:49:28,"[1, 1, 0, 0, 1, 0, 1]"
19:49:32,"[1, 0, 0, 1, 1, 0, 1]"
19:49:35,"[1, 0, 0, 0, 1, 1, 1]"
19:49:39,"[1, 0, 0, 0, 0, 1, 1]"
19:49:43,"[1, 0, 1, 1, 0, 1, 1]"
19:49:46,"[1, 0, 0, 1, 1, 1, 1]"
19:49:50,"[1, 0, 1, 1, 0, 1, 1]"
19:49:54,"[1, 0, 1, 0, 1, 1, 1]"
19:49:57,"[1, 0, 0, 1, 1, 1, 1]"
19:50:00,"[1, 0, 1, 0, 0, 0, 1]"
19:50:04,"[1, 0, 0, 0, 1, 1, 1]"
19:50:07,"[1, 1, 1, 0, 0, 1, 1]"
19:50:11,"[1, 1, 0, 1, 0, 1, 1]"
19:50:14,"[1, 1, 0, 0, 0, 1, 1]"
19:50:17,"[1, 0, 0, 0, 1, 1, 1]"
19:50:21,"[1, 1, 0, 1, 0, 0, 1]"
19:50:24,"[1, 1, 1, 1, 0, 0, 1]"
19:50:28,"[1, 0, 0, 1, 0, 0, 1]"
19:50:31,"[1, 0, 0, 0, 1, 0, 1]"
19:50:35,"[1, 0, 1, 0, 0, 1, 1]"
19:50:38,"[1, 0, 0, 1, 0, 0, 1]"
19:50:42,"[1, 0, 0, 1, 1, 1, 1]"
19:50:46,"[1, 0, 0, 1, 0, 0, 1]"
19:50:50,"[1, 1, 1, 0, 1, 1, 1]"
19:50:53,"[1, 0, 0, 1, 0, 1, 1]"
19:50:57,"[1, 0, 0, 1, 1, 1, 1]"
19:51:00,"[1, 0, 0, 0, 1, 1, 1]"
19:51:04,"[1, 1, 0, 1, 0, 1, 1]"
19:51:08,"[1, 1, 1, 1, 1, 0, 1]"
19:51:12,"[1, 1, 0, 1, 0, 0, 1]"
19:51:15,"[1, 1, 0, 0, 1, 1, 1]"
19:51:19,"[1, 0, 0, 0, 0, 0, 1]"
19:51:23,"[1, 1, 0, 1, 1, 1, 1]"
19:51:26,"[1, 1, 0, 1, 1, 0, 1]"
19:51:30,"[1, 0, 0, 0, 0, 1, 1]"
19:51:33,"[1, 0, 0, 1, 1, 1, 1]"
19:51:37,"[1, 0, 1, 0, 1, 0, 1]"
19:51:41,"[1, 0, 0, 0, 0, 0, 1]"
19:51:44,"[1, 0, 1, 1, 1, 1, 1]"
19:51:48,"[1, 0, 0, 0, 1, 1, 1]"
19:51:51,"[1, 1, 0, 1, 1, 1, 1]"
19:51:55,"[1, 1, 1, 0, 0, 0, 1]"
19:51:58,"[1, 0, 1, 0, 0, 1, 1]"
19:52:02,"[1, 0, 1, 0, 0, 0, 1]"
19:52:06,"[1, 0, 0, 0, 0, 1, 1]"
19:52:09,"[1, 1, 0, 1, 0, 1, 1]"
19:52:13,"[1, 0, 0, 0, 0, 0, 1]"
19:52:17,"[1, 1, 0, 0, 1, 1, 1]"
19:52:20,"[1, 1, 1, 1, 1, 1, 1]"
19:52:24,"[1, 0, 0, 1, 1, 1, 1]"
19:52:28,"[1, 1, 1, 0, 0, 1, 1]"
19:52:31,"[1, 0, 0, 1, 1, 1, 1]"
19:52:34,"[1, 1, 0, 1, 0, 1, 1]"
19:52:37,"[1, 1, 0, 1, 0, 0, 1]"
19:52:41,"[1, 0, 0, 1, 0, 1, 1]"
19:52:44,"[1, 0, 1, 1, 0, 1, 1]"
19:52:48,"[1, 1, 0, 1, 0, 1, 1]"
19:52:52,"[1, 0, 1, 0, 1, 1, 1]"
19:52:56,"[1, 0, 1, 0, 1, 0, 1]"
19:52:59,"[1, 1, 1, 1, 1, 1, 1]"
19:53:02,"[1, 0, 0, 1, 0, 0, 1]"
19:53:05,"[1, 0, 1, 0, 0, 0, 1]"
19:53:09,"[1, 1, 0, 0, 0, 0, 1]"
19:53:13,"[1, 0, 0, 0, 1, 0, 1]"
19:53:17,"[1, 0, 1, 0, 0, 0, 1]"
19:53:20,"[1, 1, 1, 1, 1, 1, 1]"
19:53:23,"[1, 0, 1, 1, 1, 0, 1]"
19:53:27,"[1, 0, 0, 0, 0, 0, 1]"
19:53:30,"[1, 0, 0, 0, 1, 0, 1]"
19:53:34,"[1, 1, 1, 1, 0, 0, 1]"
19:53:38,"[1, 1, 0, 1, 1, 0, 1]"
19:53:41,"[1, 1, 1, 1, 0, 1, 1]"
19:53:45,"[1, 1, 0, 1, 0, 1, 1]"
19:53:48,"[1, 0, 1, 1, 0, 0, 1]"
19:53:52,"[1, 1, 0, 1, 1, 0, 1]"
19:53:56,"[1, 0, 1, 0, 1, 0, 1]"
19:54:00,"[1, 0, 1, 1, 1, 0, 1]"
19:54:03,"[1, 1, 0, 1, 1, 0, 1]"
19:54:06,"[1, 1, 0, 0, 1, 1, 1]"
19:54:10,"[1, 0, 1, 0, 0, 0, 1]"
19:54:14,"[1, 1, 1, 1, 0, 1, 1]"
19:54:17,"[1, 1, 0, 1, 1, 0, 1]"
19:54:21,"[1, 0, 0, 0, 1, 0, 1]"
19:54:24,"[1, 0, 1, 1, 0, 0, 1]"
19:54:28,"[1, 1, 1, 0, 0, 1, 1]"
19:54:31,"[1, 1, 1, 1, 0, 0, 1]"
19:54:34,"[1, 0, 1, 1, 0, 1, 1]"
19:54:37,"[1, 1, 0, 0, 0, 0, 1]"
19:54:41,"[1, 1, 0, 0, 0, 0, 1]"
19:54:44,"[1, 1, 1, 1, 1, 1, 1]"
19:54:47,"[1, 0, 0, 0, 1, 0, 1]"
19:54:51,"[1, 0, 1, 0, 1, 1, 1]"
19:54:54,"[1, 1, 1, 0, 1, 1, 1]"
19:54:58,"[1, 1, 0, 1, 0, 1, 1]"
19:55:02,"[1, 1, 0, 0, 0, 0, 1]"
19:55:05,"[1, 0, 0, 1, 0, 1, 1]"
19:55:09,"[1, 1, 0, 0, 0, 0, 1]"
19:55:13,"[1, 1, 1, 0, 1, 0, 1]"
19:55:16,"[1, 1, 1, 1, 1, 0, 1]"
19:55:20,"[1, 1, 0, 1, 0, 1, 1]"
19:55:24,"[1, 1, 0, 0, 0, 0, 1]"
19:55:27,"[1, 1, 1, 1, 0, 1, 1]"
19:55:31,"[1, 1, 1, 0, 1, 0, 1]"
19:55:34,"[1, 0, 1, 0, 1, 1, 1]"
19:55:37,"[1, 1, 0, 1, 0, 0, 1]"
19:55:41,"[1, 1, 0, 1, 0, 1, 1]"
19:55:44,"[1, 1, 0, 1, 1, 0, 1]"
19:55:47,"[1, 0, 0, 0, 0, 1, 1]"
19:55:51,"[1, 1, 0, 1, 1, 1, 1]"
19:55:54,"[1, 0, 1, 0, 1, 0, 1]"
19:55:57,"[1, 0, 0, 1, 0, 1, 1]"
19:56:00,"[1, 1, 1, 0, 1, 1, 1]"
19:56:04,"[1, 0, 1, 1, 1, 1, 1]"
19:56:08,"[1, 0, 1, 0, 1, 1, 1]"
19:56:12,"[1, 1, 0, 0, 0, 0, 1]"
19:56:15,"[1, 1, 0, 0, 1, 1, 1]"
19:56:19,"[1, 1, 1, 1, 1, 1, 1]"
19:56:23,"[1, 1, 0, 0, 0, 0, 1]"
19:56:26,"[1, 0, 1, 0, 1, 1, 1]"
19:56:30,"[1, 0, 1, 1, 0, 0, 1]"
19:56:33,"[1, 0, 1, 1, 0, 1, 1]"
19:56:36,"[1, 0, 0, 1, 1, 1, 1]"
19:56:40,"[1, 1, 1, 0, 0, 0, 1]"
19:56:43,"[1, 1, 1, 1, 0, 1, 1]"
19:56:47,"[1, 0, 0, 0, 0, 0, 1]"
19:56:50,"[1, 1, 0, 1, 0, 0, 1]"
19:56:54,"[1, 1, 1, 0, 1, 1, 1]"
19:56:58,"[1, 1, 0, 0, 0, 0, 1]"
19:57:01,"[1, 0, 1, 1, 0, 1, 1]"
19:57:04,"[1, 1, 0, 0, 1, 1, 1]"
19:57:07,"[1, 1, 1, 1, 0, 1, 1]"
19:57:11,"[1, 1, 0, 1, 0, 0, 1]"
19:57:14,"[1, 1, 0, 0, 0, 1, 1]"
19:57:18,"[1, 1, 0, 1, 0, 0, 1]"
19:57:21,"[1, 0, 0, 0, 0, 1, 1]"
19:57:24,"[1, 0, 0, 0, 1, 1, 1]"
19:57:28,"[1, 1, 0, 0, 0, 1, 1]"
19:57:31,"[1, 1, 1, 1, 1, 1, 1]"
19:57:35,"[1, 0, 1, 1, 1, 0, 1]"
19:57:38,"[1, 0, 0, 0, 1, 0, 1]"
19:57:41,"[1, 1, 0, 0, 1, 0, 1]"
19:57:45,"[1, 0, 0, 1, 1, 0, 1]"
19:57:49,"[1, 0, 1, 1, 0, 1, 1]"
20:03:18,"[1, 1, 0, 1, 1, 1, 1]"
20:03:21,"[1, 0, 0, 1, 0, 0, 1]"
20:03:24,"[1, 1, 1, 0, 0, 0, 1]"
20:03:28,"[1, 0, 1, 0, 1, 1, 1]"
20:03:31,"[1, 0, 0, 0, 0, 1, 1]"
20:03:35,"[1, 0, 1, 0, 0, 0, 1]"
20:03:38,"[1, 0, 1, 1, 0, 1, 1]"
20:03:42,"[1, 1, 0, 0, 1, 1, 1]"
20:03:46,"[1, 0, 0, 1, 1, 1, 1]"
20:03:50,"[1, 1, 1, 1, 0, 1, 1]"
20:03:53,"[1, 1, 1, 0, 1, 1, 1]"
20:03:57,"[1, 1, 0, 0, 1, 1, 1]"
20:04:00,"[1, 0, 1, 0, 0, 1, 1]"
20:04:04,"[1, 1, 1, 0, 0, 0, 1]"
20:04:07,"[1, 0, 0, 1, 0, 1, 1]"
20:04:11,"[1, 0, 0, 1, 0, 1, 1]"
20:04:14,"[1, 0, 1, 1, 0, 1, 1]"
20:04:18,"[1, 1, 0, 0, 1, 1, 1]"
20:04:22,"[1, 1, 1, 1, 1, 1, 1]"
20:04:25,"[1, 1, 0, 1, 0, 1, 1]"
20:04:28,"[1, 1, 1, 0, 1, 1, 1]"
20:04:31,"[1, 1, 1, 1, 1, 0, 1]"
20:04:35,"[1, 0, 0, 1, 0, 0, 1]"
20:04:39,"[1, 0, 0, 1, 0, 0, 1]"
20:04:42,"[1, 1, 1, 0, 0, 0, 1]"
20:04:46,"[1, 1, 1, 1, 1, 0, 1]"
20:04:50,"[1, 0, 0, 1, 1, 1, 1]"
20:04:53,"[1, 1, 0, 0, 0, 1, 1]"
20:04:57,"[1, 0, 1, 1, 1, 0, 1]"
20:05:01,"[1, 0, 0, 1, 0, 0, 1]"
20:05:04,"[1, 0, 0, 1, 0, 0, 1]"
20:05:08,"[1, 0, 0, 1, 1, 0, 1]"
20:05:12,"[1, 1, 0, 0, 1, 0, 1]"
20:05:15,"[1, 1, 1, 0, 1, 1, 1]"
20:05:19,"[1, 0, 1, 1, 0, 0, 1]"
20:05:23,"[1, 1, 1, 1, 0, 0, 1]"
20:05:27,"[1, 1, 0, 0, 1, 0, 1]"
20:05:31,"[1, 0, 0, 1, 0, 0, 1]"
20:05:34,"[1, 1, 0, 1, 0, 0, 1]"
20:05:38,"[1, 1, 1, 1, 0, 0, 1]"
20:05:41,"[1, 0, 0, 1, 1, 1, 1]"
20:05:45,"[1, 0, 1, 1, 0, 0, 1]"
20:05:49,"[1, 0, 0, 1, 0, 0, 1]"
20:05:53,"[1, 1, 0, 0, 0, 0, 1]"
20:05:57,"[1, 0, 0, 0, 0, 1, 1]"
20:06:00,"[1, 1, 0, 1, 1, 1, 1]"
20:06:03,"[1, 0, 1, 1, 1, 0, 1]"
20:06:07,"[1, 1, 0, 0, 1, 1, 1]"
20:06:10,"[1, 1, 0, 1, 0, 1, 1]"
20:06:13,"[1, 1, 0, 0, 1, 1, 1]"
20:06:16,"[1, 0, 0, 0, 1, 0, 1]"
20:06:20,"[1, 0, 0, 0, 1, 1, 1]"
20:06:23,"[1, 0, 0, 1, 1, 1, 1]"
20:06:26,"[1, 0, 0, 1, 0, 0, 1]"
20:06:30,"[1, 1, 0, 1, 0, 0, 1]"
20:06:33,"[1, 1, 0, 1, 1, 0, 1]"
20:06:36,"[1, 1, 0, 0, 0, 0, 1]"
20:06:40,"[1, 0, 1, 1, 0, 1, 1]"
20:06:43,"[1, 0, 0, 0, 0, 0, 1]"
20:06:47,"[1, 0, 1, 0, 0, 1, 1]"
20:06:50,"[1, 0, 1, 1, 1, 1, 1]"
20:06:54,"[1, 1, 1, 0, 1, 0, 1]"
20:06:58,"[1, 0, 1, 1, 1, 1, 1]"
20:07:01,"[1, 0, 1, 0, 0, 0, 1]"
20:07:04,"[1, 0, 0, 0, 1, 0, 1]"
20:07:08,"[1, 1, 0, 1, 1, 0, 1]"
20:07:11,"[1, 0, 0, 0, 0, 0, 1]"
20:07:15,"[1, 1, 0, 0, 0, 0, 1]"
20:07:18,"[1, 1, 0, 0, 1, 1, 1]"
20:07:22,"[1, 1, 0, 1, 1, 0, 1]"
20:07:26,"[1, 0, 1, 1, 1, 1, 1]"
20:07:29,"[1, 1, 1, 1, 1, 0, 1]"
20:07:32,"[1, 1, 0, 1, 1, 0, 1]"
20:07:36,"[1, 1, 1, 0, 0, 0, 1]"
20:07:39,"[1, 1, 0, 0, 0, 0, 1]"
20:07:43,"[1, 0, 0, 0, 1, 1, 1]"
20:07:46,"[1, 0, 0, 1, 1, 1, 1]"
20:07:50,"[1, 0, 1, 1, 0, 1, 1]"
20:07:54,"[1, 1, 1, 0, 0, 0, 1]"
20:07:57,"[1, 0, 0, 1, 0, 0, 1]"
20:08:01,"[1, 0, 0, 0, 1, 0, 1]"
20:08:04,"[1, 0, 0, 0, 0, 1, 1]"
20:08:07,"[1, 0, 1, 1, 1, 0, 1]"
20:08:11,"[1, 1, 0, 0, 1, 0, 1]"
20:08:15,"[1, 1, 1, 1, 1, 0, 1]"
20:08:18,"[1, 1, 0, 0, 0, 0, 1]"
20:08:22,"[1, 0, 0, 0, 1, 0, 1]"
20:08:25,"[1, 1, 1, 0, 0, 0, 1]"
20:08:28,"[1, 0, 0, 1, 0, 0, 1]"
20:08:31,"[1, 0, 1, 1, 0, 1, 1]"
20:08:35,"[1, 1, 0, 0, 0, 0, 1]"
20:08:39,"[1, 0, 0, 0, 0, 0, 1]"
20:08:42,"[1, 0, 1, 0, 1, 0, 1]"
20:08:45,"[1, 0, 0, 0, 0, 1, 1]"
20:08:49,"[1, 1, 1, 1, 1, 0, 1]"
20:08:52,"[1, 0, 0, 1, 0, 0, 1]"
20:08:56,"[1, 0, 1, 0, 1, 0, 1]"
20:08:59,"[1, 0, 1, 0, 1, 1, 1]"
20:09:03,"[1, 1, 0, 1, 1, 0, 1]"
20:09:06,"[1, 0, 1, 0, 1, 0, 1]"
20:09:10,"[1, 0, 1, 0, 0, 1, 1]"
20:09:14,"[1, 1, 0, 0, 0, 1, 1]"
20:09:17,"[1, 0, 1, 1, 1, 1, 1]"
20:09:21,"[1, 0, 0, 1, 0, 0, 1]"
20:09:24,"[1, 1, 0, 1, 1, 1, 1]"
20:09:28,"[1, 1, 1, 1, 0, 0, 1]"
20:09:31,"[1, 1, 0, 0, 0, 0, 1]"
20:09:34,"[1, 0, 1, 1, 1, 0, 1]"
20:09:38,"[1, 1, 1, 0, 1, 1, 1]"
20:09:42,"[1, 0, 1, 0, 1, 0, 1]"
20:09:46,"[1, 1, 1, 1, 1, 0, 1]"
20:09:49,"[1, 1, 0, 1, 1, 0, 1]"
20:09:53,"[1, 1, 1, 0, 1, 1, 1]"
20:09:56,"[1, 1, 1, 0, 1, 0, 1]"
20:10:00,"[1, 0, 0, 0, 0, 1, 1]"
20:10:04,"[1, 0, 1, 0, 1, 1, 1]"
20:10:07,"[1, 0, 1, 0, 0, 1, 1]"
20:10:11,"[1, 0, 0, 1, 0, 1, 1]"
20:10:14,"[1, 0, 0, 0, 1, 1, 1]"
20:10:18,"[1, 0, 1, 1, 0, 0, 1]"
20:10:22,"[1, 1, 0, 1, 1, 1, 1]"
20:10:25,"[1, 0, 0, 0, 1, 0, 1]"
20:10:28,"[1, 1, 1, 1, 1, 1, 1]"
20:10:32,"[1, 1, 0, 0, 1, 0, 1]"
20:10:35,"[1, 1, 1, 0, 1, 0, 1]"
20:10:39,"[1, 1, 0, 0, 1, 1, 1]"
20:10:43,"[1, 1, 1, 0, 0, 1, 1]"
20:10:47,"[1, 0, 0, 0, 0, 1, 1]"
20:10:50,"[1, 0, 1, 1, 0, 1, 1]"
20:10:53,"[1, 0, 1, 0, 0, 1, 1]"
20:10:56,"[1, 1, 0, 0, 1, 0, 1]"
20:11:00,"[1, 0, 1, 1, 0, 0, 1]"
20:11:03,"[1, 1, 0, 1, 1, 1, 1]"
20:11:07,"[1, 0, 0, 1, 0, 1, 1]"
20:11:10,"[1, 1, 1, 1, 0, 1, 1]"
20:11:13,"[1, 0, 0, 1, 1, 1, 1]"
20:11:16,"[1, 0, 1, 0, 1, 1, 1]"
20:11:20,"[1, 1, 0, 0, 0, 0, 1]"
20:11:24,"[1, 0, 1, 1, 1, 0, 1]"
20:11:27,"[1, 0, 0, 1, 0, 0, 1]"
20:11:31,"[1, 1, 0, 0, 1, 0, 1]"
20:11:34,"[1, 0, 0, 0, 1, 1, 1]"
20:11:38,"[1, 1, 0, 1, 1, 0, 1]"
20:11:41,"[1, 0, 1, 1, 1, 0, 1]"
20:11:45,"[1, 0, 0, 1, 1, 1, 1]"
20:11:49,"[1, 1, 1, 0, 0, 1, 1]"
20:11:52,"[1, 1, 1, 0, 0, 0, 1]"
20:11:56,"[1, 0, 1, 1, 1, 1, 1]"
20:11:59,"[1, 1, 1, 1, 1, 1, 1]"
20:12:03,"[1, 1, 0, 0, 1, 1, 1]"
20:12:07,"[1, 1, 1, 0, 0, 0, 1]"
20:12:10,"[1, 0, 1, 1, 0, 1, 1]"
20:12:13,"[1, 0, 1, 0, 1, 1, 1]"
20:12:17,"[1, 1, 0, 1, 0, 1, 1]"
20:12:21,"[1, 0, 0, 1, 1, 0, 1]"
20:12:24,"[1, 0, 1, 0, 1, 1, 1]"
20:12:28,"[1, 0, 0, 0, 1, 0, 1]"
20:12:32,"[1, 1, 0, 1, 1, 1, 1]"
20:12:35,"[1, 1, 0, 0, 1, 0, 1]"
20:12:38,"[1, 1, 0, 1, 1, 0, 1]"
20:12:42,"[1, 0, 0, 0, 1, 0, 1]"
20:12:45,"[1, 1, 0, 1, 0, 1, 1]"
20:12:49,"[1, 0, 1, 1, 0, 1, 1]"
20:12:53,"[1, 1, 1, 0, 1, 1, 1]"
20:12:57,"[1, 0, 1, 0, 1, 1, 1]"
20:13:01,"[1, 0, 0, 0, 1, 1, 1]"
20:13:04,"[1, 1, 0, 1, 1, 1, 1]"
20:13:07,"[1, 1, 0, 1, 1, 1, 1]"
20:13:11,"[1, 0, 0, 0, 1, 0, 1]"
20:13:15,"[1, 1, 0, 1, 0, 1, 1]"
20:13:18,"[1, 1, 0, 1, 0, 0, 1]"
20:13:22,"[1, 0, 0, 0, 0, 0, 1]"
20:13:25,"[1, 0, 1, 0, 0, 1, 1]"
20:13:28,"[1, 0, 0, 1, 1, 1, 1]"
20:13:32,"[1, 0, 0, 1, 0, 0, 1]"
20:13:35,"[1, 0, 0, 0, 1, 0, 1]"
20:13:38,"[1, 0, 1, 0, 0, 0, 1]"
20:13:42,"[1, 0, 1, 1, 1, 0, 1]"
20:13:46,"[1, 0, 0, 0, 1, 1, 1]"
20:13:49,"[1, 0, 0, 0, 0, 0, 1]"
20:13:53,"[1, 0, 0, 0, 1, 0, 1]"
20:13:57,"[1, 0, 1, 0, 1, 0, 1]"
20:14:01,"[1, 0, 0, 0, 1, 1, 1]"
20:14:05,"[1, 1, 1, 0, 1, 0, 1]"
20:14:08,"[1, 1, 0, 1, 0, 1, 1]"
20:14:12,"[1, 0, 1, 0, 1, 0, 1]"
20:14:15,"[1, 1, 0, 0, 1, 0, 1]"
20:14:19,"[1, 0, 1, 1, 1, 0, 1]"
20:14:22,"[1, 1, 0, 0, 0, 0, 1]"
20:14:25,"[1, 1, 1, 1, 1, 0, 1]"
20:14:28,"[1, 1, 1, 0, 1, 1, 1]"
20:14:32,"[1, 0, 0, 0, 0, 0, 1]"
20:26:28,"[1, 1, 1, 0, 0, 0, 1]"
20:26:31,"[1, 0, 1, 1, 0, 0, 1]"
20:26:35,"[1, 1, 1, 1, 1, 0, 1]"
20:26:38,"[1, 0, 1, 0, 0, 1, 1]"
20:26:42,"[1, 1, 1, 1, 0, 0, 1]"
20:26:46,"[1, 1, 0, 0, 1, 1, 1]"
20:26:49,"[1, 0, 0, 0, 0, 1, 1]"
20:26:53,"[1, 1, 0, 0, 1, 0, 1]"
20:26:57,"[1, 0, 0, 0, 1, 0, 1]"
20:27:00,"[1, 0, 0, 1, 0, 0, 1]"
20:27:04,"[1, 0, 0, 0, 1, 0, 1]"
20:27:07,"[1, 0, 1, 1, 1, 0, 1]"
20:27:10,"[1, 0, 0, 0, 1, 1, 1]"
20:27:14,"[1, 0, 1, 1, 0, 0, 1]"
20:27:17,"[1, 1, 0, 1, 1, 0, 1]"
20:27:20,"[1, 1, 1, 0, 1, 0, 1]"
20:27:24,"[1, 1, 1, 1, 0, 0, 1]"
20:27:27,"[1, 0, 0, 1, 0, 1, 1]"
20:32:04,"[1, 0, 1, 1, 1, 0, 1]"
20:32:08,"[1, 0, 0, 1, 0, 0, 1]"
20:32:12,"[1, 0, 0, 0, 1, 0, 1]"
20:32:15,"[1, 1, 1, 0, 0, 0, 1]"
20:32:19,"[1, 1, 0, 0, 0, 0, 1]"
20:32:23,"[1, 0, 1, 0, 1, 0, 1]"
20:32:26,"[1, 1, 1, 0, 1, 1, 1]"
20:32:29,"[1, 0, 0, 0, 1, 0, 1]"
20:32:33,"[1, 1, 0, 0, 0, 0, 1]"
20:32:37,"[1, 0, 1, 0, 1, 0, 1]"
20:32:40,"[1, 0, 1, 0, 0, 0, 1]"
20:32:44,"[1, 1, 1, 0, 0, 0, 1]"
20:32:48,"[1, 0, 0, 1, 1, 0, 1]"
20:32:51,"[1, 0, 1, 0, 1, 1, 1]"
20:32:54,"[1, 0, 0, 0, 0, 1, 1]"
20:32:58,"[1, 1, 0, 1, 0, 0, 1]"
20:33:01,"[1, 0, 0, 1, 0, 0, 1]"
20:33:05,"[1, 1, 0, 1, 0, 1, 1]"
20:33:09,"[1, 0, 0, 1, 1, 1, 1]"
20:33:12,"[1, 1, 1, 1, 0, 0, 1]"
20:33:15,"[1, 1, 0, 1, 0, 0, 1]"
20:33:19,"[1, 1, 0, 1, 0, 1, 1]"
20:33:22,"[1, 1, 0, 0, 1, 1, 1]"
20:33:26,"[1, 0, 0, 1, 1, 1, 1]"
20:33:29,"[1, 1, 0, 1, 0, 0, 1]"
20:33:32,"[1, 0, 0, 0, 1, 0, 1]"
20:33:36,"[1, 1, 1, 1, 1, 1, 1]"
20:33:39,"[1, 1, 1, 1, 0, 1, 1]"
20:33:42,"[1, 0, 0, 1, 0, 0, 1]"
20:33:46,"[1, 0, 1, 1, 0, 0, 1]"
20:33:49,"[1, 0, 1, 0, 1, 1, 1]"
20:33:53,"[1, 1, 0, 0, 0, 1, 1]"
20:33:56,"[1, 1, 0, 1, 1, 1, 1]"
20:34:00,"[1, 1, 1, 0, 1, 0, 1]"
20:34:03,"[1, 0, 1, 1, 1, 1, 1]"
20:34:07,"[1, 1, 1, 0, 1, 0, 1]"
20:34:11,"[1, 0, 1, 0, 0, 0, 1]"
20:34:14,"[1, 1, 0, 1, 1, 1, 1]"
20:34:17,"[1, 1, 1, 1, 0, 0, 1]"
20:34:20,"[1, 1, 0, 1, 1, 0, 1]"
20:34:24,"[1, 1, 1, 0, 1, 0, 1]"
20:34:27,"[1, 1, 0, 1, 1, 1, 1]"
20:34:30,"[1, 0, 1, 0, 0, 1, 1]"
20:34:34,"[1, 0, 0, 0, 0, 1, 1]"
20:34:38,"[1, 1, 1, 1, 0, 0, 1]"
20:34:42,"[1, 1, 1, 1, 1, 0, 1]"
20:34:45,"[1, 1, 1, 1, 0, 0, 1]"
20:34:49,"[1, 0, 1, 0, 1, 0, 1]"
20:34:53,"[1, 1, 0, 0, 1, 1, 1]"
20:34:57,"[1, 1, 0, 1, 0, 0, 1]"
20:35:00,"[1, 0, 1, 1, 0, 0, 1]"
20:35:03,"[1, 1, 1, 0, 1, 1, 1]"
20:35:07,"[1, 1, 1, 0, 1, 0, 1]"
20:35:11,"[1, 0, 0, 0, 0, 0, 1]"
20:35:15,"[1, 1, 1, 1, 1, 0, 1]"
20:35:18,"[1, 0, 1, 0, 1, 1, 1]"
20:35:22,"[1, 0, 0, 0, 0, 0, 1]"
20:35:25,"[1, 1, 1, 0, 0, 0, 1]"
20:35:29,"[1, 1, 0, 1, 1, 0, 1]"
20:35:33,"[1, 0, 1, 1, 0, 1, 1]"
20:35:36,"[1, 1, 1, 0, 1, 1, 1]"
20:35:40,"[1, 1, 0, 0, 1, 0, 1]"
20:35:43,"[1, 0, 0, 1, 0, 1, 1]"
20:35:47,"[1, 1, 1, 1, 1, 0, 1]"
20:35:51,"[1, 1, 1, 0, 0, 1, 1]"
20:35:55,"[1, 1, 0, 0, 0, 0, 1]"
20:35:58,"[1, 1, 1, 0, 0, 0, 1]"
20:36:01,"[1, 0, 0, 1, 0, 0, 1]"
20:36:05,"[1, 0, 1, 1, 1, 0, 1]"
20:36:09,"[1, 1, 0, 1, 0, 0, 1]"
20:36:13,"[1, 0, 1, 0, 1, 0, 1]"
20:36:16,"[1, 0, 0, 0, 1, 1, 1]"
20:36:20,"[1, 0, 0, 1, 0, 0, 1]"
20:36:23,"[1, 0, 0, 1, 0, 0, 1]"
20:36:26,"[1, 0, 1, 0, 0, 1, 1]"
20:36:30,"[1, 1, 0, 0, 0, 0, 1]"
20:36:33,"[1, 1, 1, 0, 0, 1, 1]"
20:36:37,"[1, 0, 0, 1, 1, 1, 1]"
20:36:41,"[1, 1, 0, 0, 0, 1, 1]"
20:36:44,"[1, 1, 1, 0, 1, 0, 1]"
20:36:48,"[1, 0, 1, 1, 1, 0, 1]"
20:36:52,"[1, 0, 1, 0, 0, 1, 1]"
20:36:55,"[1, 0, 0, 0, 0, 1, 1]"
20:36:59,"[1, 1, 1, 0, 1, 1, 1]"
20:37:02,"[1, 1, 1, 1, 1, 1, 1]"
20:37:06,"[1, 0, 0, 1, 1, 0, 1]"
20:37:10,"[1, 0, 0, 0, 1, 0, 1]"
20:37:14,"[1, 1, 0, 0, 1, 1, 1]"
20:37:18,"[1, 0, 1, 0, 1, 0, 1]"
20:37:21,"[1, 1, 1, 0, 0, 0, 1]"
20:37:25,"[1, 1, 0, 1, 0, 0, 1]"
20:37:29,"[1, 1, 0, 0, 0, 1, 1]"
20:37:32,"[1, 1, 1, 0, 1, 1, 1]"
20:37:36,"[1, 0, 0, 1, 1, 1, 1]"
20:37:40,"[1, 1, 1, 0, 1, 1, 1]"
20:37:43,"[1, 0, 0, 1, 1, 0, 1]"
20:37:46,"[1, 0, 1, 1, 1, 0, 1]"
20:37:50,"[1, 0, 0, 0, 1, 1, 1]"
20:37:53,"[1, 0, 0, 0, 1, 1, 1]"
20:37:57,"[1, 1, 1, 0, 0, 0, 1]"
20:38:01,"[1, 1, 1, 1, 0, 1, 1]"
20:38:04,"[1, 1, 0, 0, 0, 0, 1]"
20:38:07,"[1, 0, 1, 0, 0, 1, 1]"
20:38:11,"[1, 1, 0, 0, 1, 0, 1]"
20:38:15,"[1, 1, 1, 0, 0, 0, 1]"
20:38:18,"[1, 1, 0, 0, 1, 1, 1]"
20:38:22,"[1, 1, 0, 0, 1, 0, 1]"
20:38:25,"[1, 0, 1, 0, 1, 0, 1]"
20:38:29,"[1, 1, 0, 0, 0, 0, 1]"
20:38:32,"[1, 0, 1, 0, 0, 1, 1]"
20:38:35,"[1, 1, 0, 0, 0, 1, 1]"
20:38:39,"[1, 1, 1, 0, 1, 0, 1]"
20:38:43,"[1, 0, 0, 0, 0, 0, 1]"
20:38:46,"[1, 0, 1, 1, 1, 0, 1]"
20:38:50,"[1, 1, 0, 0, 1, 0, 1]"
20:38:54,"[1, 0, 0, 1, 0, 0, 1]"
20:38:57,"[1, 1, 0, 0, 1, 1, 1]"
20:39:01,"[1, 1, 0, 1, 1, 1, 1]"
20:39:04,"[1, 1, 1, 1, 0, 0, 1]"
20:39:08,"[1, 0, 0, 1, 1, 0, 1]"
20:39:12,"[1, 1, 1, 0, 0, 1, 1]"
20:39:15,"[1, 1, 0, 1, 1, 1, 1]"
20:39:19,"[1, 0, 1, 0, 0, 1, 1]"
20:39:22,"[1, 1, 0, 0, 0, 1, 1]"
20:39:26,"[1, 0, 0, 0, 1, 0, 1]"
20:39:29,"[1, 0, 1, 1, 1, 0, 1]"
20:39:33,"[1, 0, 0, 0, 1, 0, 1]"
20:39:36,"[1, 1, 1, 1, 0, 1, 1]"
20:39:40,"[1, 1, 0, 1, 1, 0, 1]"
20:39:43,"[1, 1, 1, 0, 0, 1, 1]"
20:39:47,"[1, 0, 0, 0, 0, 1, 1]"
21:23:21,"[1,1,0,0,1,1,1]"
21:23:29,"[1,0,1,1,1,0,1]"
21:23:32,"[1,1,0,0,0,0,1]"
21:23:36,"[1,0,0,0,1,0,1]"
21:23:39,"[1,0,1,0,1,0,1]"
21:23:42,"[1,0,0,0,1,1,1]"
21:23:46,"[1,0,1,0,0,0,1]"
21:23:49,"[1,0,0,0,0,1,1]"
21:23:53,"[1,0,1,0,0,0,1]"
21:23:57,"[1,1,1,0,0,0,1]"
21:24:00,"[1,1,0,1,0,1,1]"
21:24:04,"[1,1,0,1,0,1,1]"
21:24:07,"[1,0,1,1,1,1,1]"
21:26:47,"[0,0,0,0,0,0,0]"
21:26:47,"[0,0,0,0,0,0,0]"
21:26:47,"[0,0,0,0,0,0,0]"
21:26:48,"[0,0,0,0,0,0,0]"
21:26:49,"[0,0,0,0,0,0,0]"
21:26:50,"[0,0,0,0,0,0,0]"
21:26:51,"[0,0,0,0,0,0,0]"
21:26:52,"[0,0,0,0,0,0,0]"
21:26:53,"[0,0,0,0,0,0,0]"
21:26:54,"[0,0,0,0,0,0,0]"
21:26:55,"[0,0,0,0,0,0,0]"
21:26:56,"[0,0,0,0,0,0,0]"
21:26:57,"[0,0,0,0,0,0,0]"
21:26:58,"[0,0,0,0,0,0,0]"
21:26:59,"[0,0,0,0,0,0,0]"
21:27:00,"[0,0,0,0,0,0,0]"
21:27:01,"[0,0,0,0,0,0,0]"
21:27:02,"[0,0,0,0,0,0,0]"
21:27:03,"[0,0,0,0,0,0,0]"
21:27:04,"[0,0,0,0,0,0,0]"
21:27:05,"[0,0,0,0,0,0,0]"
21:27:06,"[0,0,0,0,0,0,0]"
21:27:07,"[0,0,0,0,0,0,0]"
21:27:08,"[0,0,0,0,0,0,0]"
21:27:09,"[0,0,0,0,0,0,0]"
21:27:10,"[0,0,0,0,0,0,0]"
21:27:11,"[0,0,0,0,0,0,1]"
21:27:16,"[0,0,0,0,0,0,1]"
21:27:21,"[0,0,0,0,0,0,1]"
21:27:26,"[0,0,0,0,0,0,1]"
21:27:36,"[0,0,0,0,0,0,0]"
21:27:36,"[0,0,0,0,0,0,1]"
21:27:41,"[0,0,0,0,0,0,1]"
21:27:46,"[0,0,0,0,0,0,1]"
21:27:51,"[0,0,0,0,0,0,1]"
21:27:56,"[0,0,0,0,0,0,1]"
21:28:01,"[0,0,0,0,0,0,1]"
21:28:06,"[0,0,0,0,0,0,1]"
21:28:11,"[0,0,0,0,0,0,1]"
21:28:16,"[0,0,0,0,0,0,1]"
21:28:21,"[0,0,0,0,0,0,1]"
21:28:26,"[0,0,0,0,0,0,1]"
21:28:29,"[0,0,0,0,1,0,1]"
21:28:31,"[0,0,0,0,1,0,1]"
21:28:34,"[0,0,0,0,1,0,1]"
21:28:36,"[0,0,0,0,1,0,1]"
21:28:39,"[0,0,0,0,1,0,1]"
21:28:41,"[0,0,0,0,1,0,1]"
21:28:44,"[0,0,0,0,1,0,1]"
21:28:46,"[0,0,0,0,1,0,1]"
21:28:49,"[0,0,0,0,1,0,1]"
21:28:51,"[0,0,0,0,1,0,1]"
21:28:54,"[0,0,0,0,1,0,1]"
21:28:56,"[0,0,0,0,1,0,1]"
21:28:59,"[0,0,0,0,1,0,1]"
21:29:01,"[0,0,0,0,1,0,1]"
21:29:04,"[0,0,0,0,1,0,1]"
21:29:09,"[0,0,0,0,1,0,1]"
21:29:14,"[0,0,0,0,1,0,1]"
21:29:16,"[0,0,0,0,1,0,1]"
21:29:19,"[0,0,0,0,1,0,1]"
21:29:21,"[0,0,0,0,1,0,1]"
21:29:24,"[0,0,0,0,1,0,1]"
21:29:26,"[1,0,0,0,1,0,1]"
21:29:28,"[1,0,0,0,1,0,1]"
21:29:29,"[1,0,0,0,1,0,1]"
21:29:31,"[1,0,0,0,1,0,1]"
21:29:34,"[1,0,0,0,1,0,1]"
21:29:36,"[1,0,0,0,1,0,1]"
21:29:39,"[1,0,0,0,1,0,1]"
21:29:41,"[1,0,0,0,1,0,1]"
21:29:44,"[1,0,0,0,1,0,1]"
21:29:46,"[1,0,0,0,1,0,1]"
21:29:49,"[0,0,0,0,1,0,1]"
21:29:51,"[0,0,0,0,1,0,1]"
21:29:54,"[0,0,0,0,1,0,1]"
21:29:56,"[0,0,0,0,1,0,1]"
21:29:59,"[0,0,0,0,1,0,1]"
21:30:01,"[0,0,0,0,1,0,1]"
21:30:04,"[0,0,0,0,1,0,1]"
21:30:06,"[0,0,0,0,1,0,1]"
21:30:09,"[0,0,0,0,1,0,1]"
21:30:11,"[0,0,0,0,1,0,1]"
21:30:14,"[0,0,0,0,1,0,1]"
21:30:16,"[0,0,0,0,1,0,1]"
21:30:19,"[0,0,0,0,1,0,1]"
21:30:21,"[0,0,0,0,1,0,1]"
21:30:24,"[0,0,0,0,1,0,1]"
21:30:26,"[0,0,0,0,1,0,1]"
21:30:29,"[0,0,0,0,1,0,1]"
21:30:31,"[0,0,0,0,1,0,1]"
21:30:34,"[0,0,0,0,1,0,1]"
21:30:36,"[0,0,0,0,1,0,1]"
21:30:39,"[0,0,0,0,1,0,1]"
21:30:41,"[0,0,0,0,1,0,1]"
21:30:44,"[0,0,0,0,1,0,1]"
21:30:46,"[0,0,0,0,1,0,1]"
21:30:49,"[0,0,0,0,1,0,1]"
21:30:51,"[0,0,0,0,1,0,1]"
21:30:54,"[0,0,0,0,1,0,1]"
21:30:56,"[0,0,0,0,1,0,1]"
21:30:59,"[0,0,0,0,1,0,1]"
21:31:01,"[0,0,0,0,1,0,1]"
21:31:04,"[0,0,0,0,1,0,1]"
21:31:06,"[0,0,0,0,1,0,1]"
21:31:09,"[0,0,0,0,1,0,1]"
21:31:11,"[0,0,0,0,1,0,1]"
21:31:14,"[0,0,0,0,1,0,1]"
21:31:16,"[0,0,0,0,1,0,1]"
21:31:19,"[0,0,0,0,1,0,1]"
21:31:21,"[0,0,0,0,1,0,1]"
21:31:26,"[0,0,0,0,0,0,1]"
21:31:31,"[0,0,1,0,1,0,1]"
21:31:32,"[0,0,1,0,1,0,1]"
21:31:36,"[0,0,1,0,1,0,1]"
21:31:37,"[0,0,1,0,1,0,1]"
21:31:41,"[0,0,1,0,1,0,1]"
21:31:42,"[1,0,1,0,0,0,1]"
21:31:44,"[1,0,1,0,0,0,1]"
21:31:46,"[1,0,1,0,0,0,1]"
21:31:47,"[1,0,1,0,0,0,1]"
21:31:49,"[1,0,1,0,0,0,1]"
21:31:51,"[1,0,1,0,0,0,1]"
21:31:52,"[1,0,1,0,0,0,1]"
21:31:54,"[1,0,1,0,0,0,1]"
21:31:56,"[1,0,1,0,0,0,1]"
21:31:57,"[1,0,1,0,0,0,1]"
21:31:59,"[1,0,1,0,0,0,1]"
21:32:01,"[1,0,1,0,0,0,1]"
21:32:02,"[1,0,1,0,0,0,1]"
21:32:04,"[1,0,1,0,0,0,1]"
21:32:06,"[1,0,1,0,0,0,1]"
21:32:07,"[1,0,1,0,0,0,1]"
21:32:09,"[1,0,1,0,0,0,1]"
21:32:11,"[1,0,1,0,0,0,1]"
21:32:12,"[1,0,1,0,0,0,1]"
21:32:14,"[1,0,1,0,0,0,1]"
21:32:16,"[1,0,1,0,0,0,1]"
21:32:17,"[1,0,1,0,0,0,1]"
21:32:19,"[1,0,1,0,0,0,1]"
21:32:21,"[1,0,1,0,0,0,1]"
21:32:23,"[1,0,1,0,0,0,1]"
21:32:25,"[1,0,1,0,0,0,1]"
21:32:26,"[1,0,1,0,0,0,1]"
21:32:27,"[1,0,1,0,0,0,1]"
21:32:29,"[1,0,1,0,0,0,1]"
21:32:31,"[1,0,1,0,0,0,1]"
21:32:33,"[1,0,1,0,0,0,1]"
21:32:34,"[1,0,1,0,0,0,1]"
21:32:36,"[1,0,1,0,0,0,1]"
21:32:38,"[1,0,1,0,0,0,1]"
21:32:40,"[1,0,1,0,0,0,1]"
21:32:41,"[1,0,1,0,0,0,1]"
21:32:43,"[1,0,1,0,0,0,1]"
21:32:45,"[1,0,1,0,0,0,1]"
21:32:46,"[1,0,1,0,0,0,1]"
21:32:48,"[1,0,1,0,0,0,1]"
21:32:50,"[1,0,1,0,0,0,1]"
21:32:51,"[1,0,1,0,0,0,1]"
21:32:53,"[1,0,1,0,0,0,1]"
21:32:54,"[1,0,1,0,0,0,1]"
21:32:56,"[1,0,1,0,0,0,1]"
21:32:57,"[1,0,1,0,0,0,1]"
21:32:59,"[1,0,1,0,0,0,1]"
21:33:01,"[1,0,1,0,0,0,1]"
21:33:02,"[1,0,1,0,0,0,1]"
21:33:04,"[1,0,1,0,0,0,1]"
21:33:06,"[1,0,1,0,0,0,1]"
21:33:07,"[1,0,1,0,0,0,1]"
21:38:43,"[0,0,0,0,0,0,0]"
21:38:43,"[0,0,0,0,0,0,0]"
21:38:43,"[0,0,0,0,0,0,0]"
21:38:44,"[0,0,0,0,0,0,0]"
21:38:45,"[0,0,0,0,0,0,0]"
21:38:46,"[0,0,0,0,0,0,0]"
21:38:47,"[0,0,0,0,0,0,0]"
21:38:48,"[0,0,0,0,0,0,0]"
21:38:49,"[0,0,0,0,0,0,0]"
21:38:50,"[0,0,0,0,0,0,0]"
21:38:51,"[0,0,0,0,0,0,0]"
21:38:52,"[0,0,0,0,0,0,0]"
21:38:53,"[0,0,0,0,0,0,0]"
21:38:54,"[0,0,0,0,0,0,0]"
21:38:55,"[0,0,0,0,0,0,0]"
21:38:56,"[0,0,0,0,0,0,0]"
21:38:57,"[0,0,0,0,0,0,0]"
21:38:58,"[0,0,0,0,0,0,0]"
21:38:59,"[0,0,0,0,0,0,0]"
21:39:00,"[0,0,0,0,0,0,0]"
21:39:01,"[0,0,0,0,0,0,0]"
21:39:02,"[0,0,0,0,0,0,0]"
21:39:03,"[0,0,0,0,0,0,0]"
21:39:04,"[0,0,0,0,0,0,0]"
21:39:05,"[0,0,0,0,0,0,0]"
21:39:06,"[0,0,0,0,0,0,0]"
21:39:07,"[0,0,0,0,0,0,0]"
21:39:08,"[0,0,0,0,0,0,0]"
21:39:09,"[0,0,0,0,0,0,0]"
21:39:10,"[0,0,0,0,0,0,0]"
21:39:11,"[0,0,0,0,0,0,0]"
21:39:12,"[0,0,0,0,0,0,0]"
21:39:13,"[0,0,0,0,0,0,0]"
21:39:14,"[0,0,0,0,0,0,0]"
21:39:15,"[0,0,0,0,0,0,0]"
21:39:16,"[0,0,0,0,0,0,0]"
21:39:17,"[0,0,0,0,0,0,0]"
21:39:18,"[0,0,0,0,0,0,0]"
21:39:19,"[0,0,0,0,0,0,0]"
21:39:20,"[0,0,0,0,0,0,0]"
21:39:21,"[0,0,0,0,0,0,0]"
21:39:22,"[0,0,0,0,0,0,0]"
21:39:23,"[0,0,0,0,0,0,0]"
21:39:24,"[0,0,0,0,0,0,0]"
21:39:25,"[0,0,0,0,0,0,0]"
21:39:26,"[0,0,0,0,0,0,0]"
21:39:27,"[0,0,0,0,0,0,0]"
21:39:28,"[0,0,0,0,0,0,0]"
21:39:29,"[0,0,0,0,0,0,1]"
21:39:34,"[0,0,0,0,0,0,1]"
21:39:44,"[0,0,0,0,0,0,0]"
21:39:44,"[0,0,0,0,0,0,1]"
21:39:49,"[0,0,0,0,0,0,1]"
21:39:54,"[0,0,0,0,0,0,1]"
21:40:04,"[0,0,0,0,0,0,0]"
21:40:04,"[0,0,0,0,0,0,1]"
21:40:09,"[0,0,0,0,0,0,1]"
21:40:14,"[0,0,0,0,0,0,1]"
21:40:19,"[0,0,0,0,0,0,1]"
21:40:24,"[0,0,0,0,0,0,1]"
21:40:29,"[0,0,0,0,0,0,1]"
21:40:34,"[0,0,0,0,0,0,1]"
21:40:39,"[0,0,0,0,0,0,1]"
21:40:44,"[0,0,0,0,0,0,1]"
21:40:49,"[0,0,0,0,0,0,1]"
21:40:54,"[0,0,0,0,0,0,1]"
21:40:59,"[0,0,0,0,0,0,1]"
21:41:04,"[0,0,0,0,0,0,1]"
21:41:09,"[0,0,0,0,0,0,1]"
21:41:14,"[0,0,0,0,0,0,1]"
21:41:19,"[0,0,0,0,0,0,1]"
21:41:24,"[0,0,0,0,0,0,1]"
21:41:29,"[0,0,0,0,0,0,1]"
21:41:34,"[0,0,0,0,0,0,1]"
21:41:39,"[0,0,0,0,0,0,1]"
21:41:44,"[0,0,0,0,0,0,1]"
21:41:49,"[0,0,0,0,0,0,1]"
21:41:54,"[0,0,0,0,0,0,1]"
21:41:59,"[0,0,0,0,0,0,1]"
21:42:04,"[0,0,0,0,0,0,1]"
21:42:09,"[0,0,0,0,0,0,1]"
21:42:14,"[0,0,0,0,0,0,1]"
21:42:19,"[0,0,0,0,0,0,1]"
21:42:24,"[0,0,0,0,0,0,1]"
21:42:29,"[0,0,0,0,0,0,1]"
21:42:34,"[0,0,0,0,0,0,1]"
21:42:39,"[0,0,0,0,0,0,1]"
21:46:40,"[0,0,0,0,0,0,0]"
21:46:40,"[0,0,0,0,0,0,0]"
21:46:40,"[0,0,0,0,0,0,0]"
21:46:41,"[0,0,0,0,0,0,0]"
21:46:42,"[0,0,0,0,0,0,0]"
21:46:43,"[0,0,0,0,0,0,0]"
21:46:44,"[0,0,0,0,0,0,0]"
21:46:45,"[0,0,0,0,0,0,0]"
21:46:46,"[0,0,0,0,0,0,0]"
21:46:47,"[0,0,0,0,0,0,0]"
21:46:48,"[0,0,0,0,0,0,0]"
21:46:49,"[0,0,0,0,0,0,0]"
21:46:50,"[0,0,0,0,0,0,0]"
21:46:51,"[0,0,0,0,0,0,0]"
21:46:52,"[0,0,0,0,0,0,0]"
21:46:53,"[0,0,0,0,0,0,0]"
21:46:54,"[0,0,0,0,0,0,0]"
21:46:55,"[0,0,0,0,0,0,0]"
21:46:56,"[0,0,0,0,0,0,0]"
21:46:57,"[0,0,0,0,0,0,0]"
21:46:58,"[0,0,0,0,0,0,0]"
21:46:59,"[0,0,0,0,0,0,0]"
21:47:00,"[0,0,0,0,0,0,0]"
21:47:01,"[0,0,0,0,0,0,0]"
21:47:02,"[0,0,0,0,0,0,0]"
21:47:03,"[0,0,0,0,0,0,0]"
21:47:04,"[0,0,0,0,0,0,0]"
21:47:05,"[0,0,0,0,0,0,0]"
21:47:05,"[0,0,0,0,0,0,1]"
21:47:10,"[0,0,0,0,0,0,1]"
21:47:15,"[0,0,0,0,0,0,1]"
21:47:20,"[0,0,0,0,0,0,1]"
21:47:25,"[0,0,0,0,0,0,1]"
21:47:30,"[0,0,0,0,0,0,1]"
21:48:20,"[0,0,0,0,0,0,1]"
21:48:25,"[0,0,0,0,0,0,1]"
21:48:30,"[0,0,0,0,0,0,1]"
21:48:35,"[0,0,0,0,0,0,1]"
21:48:40,"[0,0,0,0,0,0,1]"
21:48:45,"[0,0,0,0,0,0,1]"
21:48:50,"[0,0,0,0,0,0,1]"
21:55:29,"[0,0,0,0,0,0,0]"
21:55:29,"[0,0,0,0,0,0,0]"
21:55:30,"[0,0,0,0,0,0,0]"
21:55:31,"[0,0,0,0,0,0,0]"
21:55:32,"[0,0,0,0,0,0,0]"
21:55:33,"[0,0,0,0,0,0,0]"
21:55:34,"[0,0,0,0,0,0,0]"
21:55:34,"[0,0,0,0,0,0,1]"
21:55:39,"[0,0,0,0,0,0,1]"
21:55:44,"[0,0,0,0,0,0,1]"
21:55:49,"[0,0,0,0,0,0,1]"
21:55:54,"[0,0,0,0,0,0,1]"
21:55:59,"[0,0,0,0,0,0,1]"
21:56:04,"[0,0,0,0,0,0,1]"
21:56:09,"[0,0,0,0,0,0,1]"
21:56:14,"[0,0,0,0,0,0,1]"
21:56:19,"[0,0,0,0,0,0,1]"
21:56:29,"[0,0,0,0,0,0,0]"
21:56:29,"[0,0,0,0,0,0,1]"
21:56:34,"[0,0,0,0,0,0,1]"
21:56:39,"[0,0,0,0,0,0,1]"
21:56:44,"[1,0,1,0,0,0,1]"
21:56:45,"[1,0,1,0,0,0,1]"
21:56:49,"[1,0,1,0,0,0,1]"
21:56:54,"[1,0,1,0,0,0,1]"
21:56:56,"[1,0,1,0,0,0,1]"
21:56:59,"[1,0,1,0,0,0,1]"
21:57:01,"[1,0,1,0,0,0,1]"
21:57:02,"[1,0,1,0,0,0,1]"
21:57:04,"[1,0,1,0,0,0,1]"
21:57:07,"[1,0,1,0,0,0,1]"
21:57:09,"[1,0,1,0,0,0,1]"
21:57:11,"[1,0,1,0,0,0,1]"
21:57:14,"[1,0,1,0,0,0,1]"
21:57:16,"[1,0,1,0,0,0,1]"
21:57:18,"[1,0,1,0,0,0,1]"
21:57:19,"[1,0,1,0,0,0,1]"
21:57:21,"[1,0,1,0,0,0,1]"
21:57:23,"[1,0,1,0,0,0,1]"
21:57:24,"[1,0,1,0,0,0,1]"
21:57:26,"[1,0,1,0,0,0,1]"
21:57:28,"[1,0,1,0,0,0,1]"
21:57:29,"[1,0,1,0,0,0,1]"
21:57:31,"[1,0,1,0,0,0,1]"
21:57:33,"[1,0,1,0,0,0,1]"
21:57:34,"[1,0,1,0,0,0,1]"
21:57:36,"[1,0,1,0,0,0,1]"
21:57:38,"[1,0,1,0,0,0,1]"
21:57:39,"[1,0,1,0,0,0,1]"
21:57:41,"[1,0,1,0,0,0,1]"
21:57:43,"[1,0,1,0,0,0,1]"
21:59:15,"[0,0,0,0,0,0,0]"
21:59:15,"[0,0,0,0,0,0,0]"
21:59:16,"[0,0,0,0,0,0,0]"
21:59:17,"[0,0,0,0,0,0,0]"
21:59:18,"[0,0,0,0,0,0,0]"
21:59:19,"[0,0,0,0,0,0,0]"
21:59:20,"[0,0,0,0,0,0,0]"
21:59:21,"[0,0,0,0,0,0,0]"
21:59:22,"[0,0,0,0,0,0,0]"
21:59:23,"[0,0,0,0,0,0,0]"
21:59:24,"[0,0,0,0,0,0,0]"
21:59:25,"[0,0,0,0,0,0,0]"
21:59:26,"[0,0,0,0,0,0,0]"
21:59:27,"[0,0,0,0,0,0,0]"
21:59:28,"[0,0,0,0,0,0,0]"
21:59:29,"[0,0,0,0,0,0,0]"
21:59:30,"[0,0,0,0,0,0,0]"
21:59:31,"[0,0,0,0,0,0,0]"
21:59:32,"[0,0,0,0,0,0,0]"
21:59:33,"[0,0,0,0,0,0,0]"
21:59:34,"[0,0,0,0,0,0,0]"
21:59:35,"[0,0,0,0,0,0,0]"
21:59:36,"[0,0,0,0,0,0,0]"
21:59:36,"[0,0,0,0,0,0,1]"
21:59:41,"[0,0,0,0,0,0,1]"
21:59:46,"[0,0,0,0,0,0,1]"
21:59:51,"[0,0,0,0,0,0,1]"
21:59:56,"[0,0,0,0,0,0,1]"
22:00:01,"[0,0,0,0,0,0,1]"
22:00:06,"[0,0,0,0,0,0,1]"
22:00:11,"[0,0,0,0,0,0,1]"
22:00:16,"[0,0,0,0,0,0,1]"
22:00:21,"[0,0,0,0,0,0,1]"
22:00:26,"[0,0,0,0,0,0,1]"
22:00:31,"[0,0,0,0,0,0,1]"
22:00:36,"[0,0,0,0,0,0,1]"
22:00:41,"[0,0,0,0,0,0,1]"
22:00:46,"[0,0,0,0,0,0,1]"
22:00:48,"[1,0,0,0,1,0,1]"
22:00:49,"[1,0,0,0,1,0,1]"
22:00:51,"[1,0,0,0,1,0,1]"
22:00:54,"[1,0,0,0,1,0,1]"
22:00:54,"[1,0,0,0,1,0,1]"
22:00:56,"[1,0,0,0,1,0,1]"
22:00:58,"[1,0,0,0,1,0,1]"
22:00:59,"[1,0,0,0,1,0,1]"
22:01:01,"[1,0,0,0,1,0,1]"
22:01:04,"[1,0,0,0,1,0,1]"
22:01:04,"[1,0,0,0,1,0,1]"
22:01:06,"[1,0,0,0,1,0,1]"
22:01:09,"[1,0,0,0,1,0,1]"
22:01:11,"[1,0,0,0,1,0,1]"
22:01:14,"[1,0,0,0,1,0,1]"
22:01:16,"[1,0,0,0,1,0,1]"
22:01:21,"[0,0,0,0,0,0,1]"
22:01:26,"[0,0,0,0,0,0,1]"
22:01:31,"[0,0,0,0,0,0,1]"
22:01:36,"[0,0,0,0,0,0,1]"
22:01:41,"[0,0,0,0,0,0,1]"
22:01:46,"[0,0,0,0,0,0,1]"
22:01:51,"[0,0,0,0,0,0,1]"
22:01:56,"[0,0,0,0,0,0,1]"
22:02:01,"[0,0,0,0,0,0,1]"
22:02:06,"[0,0,0,0,0,0,1]"
22:02:11,"[0,0,0,0,0,0,1]"
22:02:16,"[1,0,1,0,1,0,1]"
22:02:16,"[1,0,1,0,0,0,1]"
22:02:17,"[1,0,1,0,0,0,1]"
22:02:21,"[1,0,1,0,0,0,1]"
22:02:21,"[1,0,1,0,0,0,1]"
22:02:22,"[1,0,1,0,0,0,1]"
22:02:26,"[1,0,1,0,0,0,1]"
22:02:26,"[1,0,1,0,0,0,1]"
22:02:27,"[1,0,1,0,0,0,1]"
22:02:31,"[1,0,1,0,0,0,1]"
22:02:31,"[1,0,1,0,0,0,1]"
22:02:32,"[1,0,1,0,0,0,1]"
22:02:36,"[1,0,1,0,0,0,1]"
22:02:36,"[1,0,1,0,0,0,1]"
22:02:37,"[1,0,1,0,0,0,1]"
22:02:41,"[1,0,1,0,0,0,1]"
22:02:41,"[1,0,1,0,0,0,1]"
22:02:42,"[1,0,1,0,0,0,1]"
23:56:06,"[0,0,0,0,0,0,0]"
23:56:06,"[0,0,0,0,0,0,0]"
23:56:07,"[0,0,0,0,0,0,0]"
23:56:08,"[0,0,0,0,0,0,0]"
23:56:08,"[1,0,0,0,1,0,1]"
23:56:08,"[1,0,0,0,1,0,1]"
23:56:09,"[1,0,0,0,1,0,1]"
23:56:13,"[1,0,0,0,1,0,1]"
23:56:13,"[1,0,0,0,1,0,1]"
23:56:14,"[1,0,0,0,1,0,1]"
23:56:18,"[1,0,0,0,1,0,1]"
23:56:18,"[1,0,0,0,1,0,1]"
23:56:19,"[1,0,0,0,1,0,1]"
23:56:23,"[1,0,0,0,1,0,1]"
23:56:23,"[1,0,0,0,1,0,1]"
23:56:24,"[1,0,0,0,1,0,1]"
23:56:28,"[1,0,0,0,1,0,1]"
23:56:28,"[1,0,0,0,1,0,1]"
23:56:29,"[1,0,0,0,1,0,1]"
23:56:33,"[1,0,0,0,1,0,1]"
23:56:33,"[1,0,0,0,1,0,1]"
23:56:34,"[1,0,0,0,1,0,1]"
23:56:38,"[1,0,0,0,1,0,1]"
23:56:38,"[1,0,0,0,1,0,1]"
23:56:39,"[1,0,0,0,1,0,1]"
23:56:43,"[1,0,0,0,1,0,1]"
23:56:43,"[1,0,0,0,1,0,1]"
23:56:44,"[1,0,0,0,1,0,1]"
23:56:48,"[1,0,0,0,1,0,1]"
23:56:48,"[1,0,0,0,1,0,1]"
23:56:49,"[1,0,0,0,1,0,1]"
23:56:53,"[1,0,0,0,1,0,1]"
23:56:53,"[1,0,0,0,1,0,1]"
23:56:54,"[1,0,0,0,1,0,1]"
23:56:58,"[1,0,0,0,1,0,1]"
23:56:58,"[1,0,0,0,1,0,1]"
23:56:59,"[1,0,0,0,1,0,1]"
23:57:03,"[1,0,0,0,1,0,1]"
23:57:04,"[1,0,0,0,1,0,1]"
23:57:07,"[1,0,0,0,1,0,1]"
23:57:09,"[1,0,0,0,1,0,1]"
23:57:12,"[0,0,0,0,1,0,1]"
23:57:14,"[0,0,0,0,1,0,1]"
23:57:17,"[0,0,0,0,1,0,1]"
23:57:19,"[0,0,0,0,1,0,1]"
23:57:22,"[0,0,0,0,1,0,1]"
23:57:24,"[0,0,0,0,1,0,1]"
23:57:27,"[0,0,0,0,1,0,1]"
23:57:29,"[0,0,0,0,1,0,1]"
23:57:32,"[0,0,0,0,1,0,1]"
23:57:34,"[0,0,0,0,1,0,1]"
23:57:37,"[0,0,0,0,1,0,1]"
23:57:39,"[0,0,0,0,1,0,1]"
23:57:42,"[0,0,0,0,1,0,1]"
23:57:44,"[0,0,0,0,1,0,1]"
23:57:47,"[0,0,0,0,1,0,1]"
23:57:49,"[0,0,0,0,1,0,1]"
23:57:52,"[0,0,0,0,1,0,1]"
23:57:54,"[0,0,0,0,1,0,1]"
23:57:56,"[1,0,0,0,1,0,1]"
23:57:56,"[1,0,0,0,1,0,1]"
23:57:59,"[1,0,0,0,1,0,1]"
23:58:01,"[1,0,0,0,1,0,1]"
23:58:01,"[1,0,0,0,1,0,1]"
23:58:04,"[1,0,0,0,1,0,1]"
23:58:09,"[0,0,0,0,0,0,1]"
23:58:14,"[0,0,0,0,0,0,1]"
23:58:19,"[0,0,0,0,0,0,1]"
23:58:24,"[0,0,0,0,0,0,1]"
23:58:29,"[0,0,1,0,0,0,1]"
23:58:34,"[0,0,1,0,0,0,1]"
23:58:39,"[0,0,1,0,0,0,1]"
23:58:44,"[0,0,1,0,0,0,1]"
23:58:49,"[0,0,1,0,0,0,1]"
23:58:51,"[0,0,1,0,0,0,1]"
23:58:54,"[0,0,1,0,0,0,1]"
23:58:56,"[0,0,1,0,0,0,1]"
23:58:59,"[0,0,1,0,0,0,1]"
23:59:01,"[0,0,1,0,0,0,1]"
23:59:04,"[0,0,1,0,0,0,1]"
23:59:06,"[0,0,1,0,0,0,1]"
23:59:09,"[0,0,1,0,0,0,1]"
23:59:11,"[0,0,1,0,0,0,1]"
23:59:14,"[0,0,1,0,0,0,1]"
23:59:16,"[0,0,1,0,0,0,1]"
23:59:19,"[0,0,1,0,0,0,1]"
23:59:21,"[0,0,1,0,0,0,1]"
23:59:26,"[0,0,1,0,0,0,1]"
23:59:29,"[0,0,1,0,0,0,1]"
23:59:31,"[0,0,1,0,0,0,1]"
23:59:34,"[0,0,1,0,0,0,1]"
23:59:39,"[0,0,1,0,0,0,1]"
23:59:44,"[0,0,1,0,0,0,1]"
23:59:48,"[0,0,1,0,0,0,1]"
23:59:49,"[0,0,1,0,0,0,1]"
23:59:53,"[0,0,1,0,0,0,1]"
23:59:54,"[0,0,1,0,0,0,1]"
23:59:58,"[0,0,1,0,0,0,1]"
23:59:59,"[0,0,1,0,0,0,1]"
